filename,face_detected
cropped_SEasian_f_1349_29_17.png,True
cropped_SEasian_f_1344_29_14.png,False
cropped_SEasian_f_1340_29_8.png,False
cropped_SEasian_f_1341_29_8.png,False
cropped_SEasian_f_1344_29_28.png,False
cropped_SEasian_f_1336_29_9.png,False
cropped_SEasian_f_1344_29_2.png,False
cropped_SEasian_f_1345_29_2.png,False
cropped_SEasian_f_1337_29_9.png,True
cropped_SEasian_f_1347_29_20.png,False
cropped_SEasian_f_1342_29_13.png,False
cropped_SEasian_f_1336_29_18.png,False
cropped_SEasian_f_1336_29_30.png,True
cropped_SEasian_f_1336_29_24.png,False
cropped_SEasian_f_1338_29_13.png,False
cropped_SEasian_f_1339_29_0.png,False
cropped_SEasian_f_1338_29_0.png,False
cropped_SEasian_f_1341_29_27.png,False
cropped_SEasian_f_1335_29_10.png,False
cropped_SEasian_f_1335_29_11.png,False
cropped_SEasian_f_1341_29_26.png,False
cropped_SEasian_f_1338_29_1.png,False
cropped_SEasian_f_1339_29_1.png,False
cropped_SEasian_f_1338_29_12.png,False
cropped_SEasian_f_1336_29_25.png,False
cropped_SEasian_f_1336_29_31.png,False
cropped_SEasian_f_1336_29_19.png,True
cropped_SEasian_f_1342_29_12.png,True
cropped_SEasian_f_1347_29_21.png,False
cropped_SEasian_f_1337_29_8.png,False
cropped_SEasian_f_1345_29_3.png,False
cropped_SEasian_f_1344_29_3.png,False
cropped_SEasian_f_1336_29_8.png,False
cropped_SEasian_f_1344_29_29.png,True
cropped_SEasian_f_1341_29_9.png,False
cropped_SEasian_f_1340_29_9.png,False
cropped_SEasian_f_1344_29_15.png,True
cropped_SEasian_f_1349_29_16.png,False
cropped_SEasian_f_1349_29_28.png,False
cropped_SEasian_f_1349_29_14.png,False
cropped_SEasian_f_1344_29_17.png,False
cropped_SEasian_f_1345_29_1.png,False
cropped_SEasian_f_1344_29_1.png,False
cropped_SEasian_f_1347_29_23.png,False
cropped_SEasian_f_1342_29_10.png,False
cropped_SEasian_f_1336_29_27.png,False
cropped_SEasian_f_1338_29_10.png,False
cropped_SEasian_f_1341_29_18.png,False
cropped_SEasian_f_1338_29_3.png,False
cropped_SEasian_f_1341_29_24.png,False
cropped_SEasian_f_1339_29_3.png,False
cropped_SEasian_f_1341_29_30.png,True
cropped_SEasian_f_1335_29_13.png,False
cropped_SEasian_f_1335_29_12.png,False
cropped_SEasian_f_1339_29_2.png,False
cropped_SEasian_f_1341_29_31.png,False
cropped_SEasian_f_1341_29_25.png,False
cropped_SEasian_f_1338_29_2.png,False
cropped_SEasian_f_1341_29_19.png,False
cropped_SEasian_f_1338_29_11.png,False
cropped_SEasian_f_1336_29_26.png,False
cropped_SEasian_f_1342_29_11.png,False
cropped_SEasian_f_1347_29_22.png,False
cropped_SEasian_f_1344_29_0.png,False
cropped_SEasian_f_1345_29_0.png,False
cropped_SEasian_f_1344_29_16.png,False
cropped_SEasian_f_1349_29_15.png,False
cropped_SEasian_f_1349_29_29.png,False
cropped_SEasian_f_1349_29_11.png,False
cropped_SEasian_f_1344_29_12.png,False
cropped_SEasian_f_1345_29_4.png,False
cropped_SEasian_f_1344_29_4.png,False
cropped_SEasian_f_1347_29_26.png,False
cropped_SEasian_f_1342_29_15.png,False
cropped_SEasian_f_1342_29_29.png,False
cropped_SEasian_f_1336_29_22.png,False
cropped_SEasian_f_1341_29_21.png,False
cropped_SEasian_f_1338_29_6.png,False
cropped_SEasian_f_1338_29_29.png,False
cropped_SEasian_f_1339_29_6.png,False
cropped_SEasian_f_1338_29_15.png,False
cropped_SEasian_f_1335_29_16.png,False
cropped_SEasian_f_1335_29_17.png,False
cropped_SEasian_f_1338_29_14.png,False
cropped_SEasian_f_1339_29_7.png,False
cropped_SEasian_f_1338_29_28.png,False
cropped_SEasian_f_1338_29_7.png,False
cropped_SEasian_f_1341_29_20.png,False
cropped_SEasian_f_1336_29_23.png,False
cropped_SEasian_f_1342_29_28.png,False
cropped_SEasian_f_1342_29_14.png,False
cropped_SEasian_f_1347_29_27.png,False
cropped_SEasian_f_1344_29_5.png,False
cropped_SEasian_f_1345_29_5.png,True
cropped_SEasian_f_1344_29_13.png,False
cropped_SEasian_f_1349_29_10.png,False
cropped_SEasian_f_1349_29_12.png,False
cropped_SEasian_f_1344_29_11.png,False
cropped_SEasian_f_1344_29_7.png,False
cropped_SEasian_f_1345_29_7.png,True
cropped_SEasian_f_1347_29_19.png,False
cropped_SEasian_f_1347_29_31.png,False
cropped_SEasian_f_1347_29_25.png,False
cropped_SEasian_f_1342_29_16.png,False
cropped_SEasian_f_1336_29_21.png,False
cropped_SEasian_f_1339_29_5.png,False
cropped_SEasian_f_1341_29_22.png,True
cropped_SEasian_f_1338_29_5.png,False
cropped_SEasian_f_1338_29_16.png,False
cropped_SEasian_f_1335_29_15.png,False
cropped_SEasian_f_1335_29_29.png,False
cropped_SEasian_f_1335_29_28.png,False
cropped_SEasian_f_1335_29_14.png,False
cropped_SEasian_f_1338_29_17.png,False
cropped_SEasian_f_1338_29_4.png,False
cropped_SEasian_f_1341_29_23.png,False
cropped_SEasian_f_1339_29_4.png,False
cropped_SEasian_f_1336_29_20.png,False
cropped_SEasian_f_1342_29_17.png,False
cropped_SEasian_f_1347_29_24.png,False
cropped_SEasian_f_1347_29_30.png,True
cropped_SEasian_f_1347_29_18.png,False
cropped_SEasian_f_1345_29_6.png,False
cropped_SEasian_f_1344_29_6.png,False
cropped_SEasian_f_1344_29_10.png,False
cropped_SEasian_f_1349_29_13.png,False
cropped_SEasian_f_1343_29_13.png,False
cropped_SEasian_f_1342_29_4.png,True
cropped_SEasian_f_1343_29_4.png,False
cropped_SEasian_f_1337_29_30.png,True
cropped_SEasian_f_1337_29_24.png,False
cropped_SEasian_f_1337_29_18.png,False
cropped_SEasian_f_1340_29_27.png,False
cropped_SEasian_f_1339_29_13.png,False
cropped_SEasian_f_1335_29_5.png,False
cropped_SEasian_f_1348_29_17.png,False
cropped_SEasian_f_1350_29_8.png,False
cropped_SEasian_f_1345_29_28.png,False
cropped_SEasian_f_1345_29_14.png,False
cropped_SEasian_f_1349_29_7.png,False
cropped_SEasian_f_1348_29_7.png,False
cropped_SEasian_f_1346_29_20.png,False
cropped_SEasian_f_1346_29_21.png,False
cropped_SEasian_f_1348_29_6.png,False
cropped_SEasian_f_1349_29_6.png,False
cropped_SEasian_f_1345_29_15.png,False
cropped_SEasian_f_1345_29_29.png,False
cropped_SEasian_f_1350_29_9.png,False
cropped_SEasian_f_1348_29_16.png,False
cropped_SEasian_f_1335_29_4.png,False
cropped_SEasian_f_1339_29_12.png,False
cropped_SEasian_f_1340_29_26.png,False
cropped_SEasian_f_1337_29_19.png,True
cropped_SEasian_f_1337_29_25.png,False
cropped_SEasian_f_1337_29_31.png,False
cropped_SEasian_f_1343_29_5.png,False
cropped_SEasian_f_1342_29_5.png,False
cropped_SEasian_f_1343_29_12.png,False
cropped_SEasian_f_1343_29_10.png,False
cropped_SEasian_f_1343_29_7.png,False
cropped_SEasian_f_1342_29_7.png,False
cropped_SEasian_f_1337_29_27.png,False
cropped_SEasian_f_1340_29_24.png,False
cropped_SEasian_f_1340_29_30.png,False
cropped_SEasian_f_1340_29_18.png,False
cropped_SEasian_f_1339_29_10.png,False
cropped_SEasian_f_1335_29_6.png,False
cropped_SEasian_f_1348_29_14.png,False
cropped_SEasian_f_1348_29_28.png,False
cropped_SEasian_f_1345_29_17.png,False
cropped_SEasian_f_1348_29_4.png,False
cropped_SEasian_f_1346_29_23.png,False
cropped_SEasian_f_1349_29_4.png,False
cropped_SEasian_f_1349_29_5.png,False
cropped_SEasian_f_1346_29_22.png,False
cropped_SEasian_f_1348_29_5.png,False
cropped_SEasian_f_1345_29_16.png,False
cropped_SEasian_f_1348_29_29.png,False
cropped_SEasian_f_1348_29_15.png,False
cropped_SEasian_f_1335_29_7.png,False
cropped_SEasian_f_1339_29_11.png,False
cropped_SEasian_f_1340_29_19.png,False
cropped_SEasian_f_1340_29_31.png,False
cropped_SEasian_f_1340_29_25.png,False
cropped_SEasian_f_1337_29_26.png,False
cropped_SEasian_f_1342_29_6.png,False
cropped_SEasian_f_1343_29_6.png,False
cropped_SEasian_f_1343_29_11.png,False
cropped_SEasian_f_1343_29_2.png,False
cropped_SEasian_f_1343_29_29.png,True
cropped_SEasian_f_1342_29_2.png,False
cropped_SEasian_f_1343_29_15.png,False
cropped_SEasian_f_1337_29_22.png,False
cropped_SEasian_f_1339_29_15.png,False
cropped_SEasian_f_1339_29_29.png,False
cropped_SEasian_f_1340_29_21.png,False
cropped_SEasian_f_1347_29_8.png,False
cropped_SEasian_f_1335_29_3.png,False
cropped_SEasian_f_1346_29_8.png,False
cropped_SEasian_f_1348_29_11.png,False
cropped_SEasian_f_1345_29_12.png,False
cropped_SEasian_f_1346_29_26.png,False
cropped_SEasian_f_1348_29_1.png,False
cropped_SEasian_f_1349_29_1.png,False
cropped_SEasian_f_1349_29_0.png,False
cropped_SEasian_f_1348_29_0.png,False
cropped_SEasian_f_1346_29_27.png,False
cropped_SEasian_f_1345_29_13.png,False
cropped_SEasian_f_1348_29_10.png,True
cropped_SEasian_f_1346_29_9.png,False
cropped_SEasian_f_1335_29_2.png,False
cropped_SEasian_f_1347_29_9.png,False
cropped_SEasian_f_1340_29_20.png,True
cropped_SEasian_f_1339_29_28.png,False
cropped_SEasian_f_1339_29_14.png,False
cropped_SEasian_f_1337_29_23.png,False
cropped_SEasian_f_1343_29_14.png,False
cropped_SEasian_f_1342_29_3.png,False
cropped_SEasian_f_1343_29_3.png,True
cropped_SEasian_f_1343_29_28.png,False
cropped_SEasian_f_1342_29_1.png,False
cropped_SEasian_f_1343_29_1.png,False
cropped_SEasian_f_1343_29_16.png,False
cropped_SEasian_f_1337_29_21.png,False
cropped_SEasian_f_1339_29_16.png,False
cropped_SEasian_f_1340_29_22.png,True
cropped_SEasian_f_1335_29_0.png,False
cropped_SEasian_f_1348_29_12.png,False
cropped_SEasian_f_1345_29_11.png,False
cropped_SEasian_f_1346_29_31.png,False
cropped_SEasian_f_1349_29_2.png,False
cropped_SEasian_f_1346_29_25.png,False
cropped_SEasian_f_1348_29_2.png,False
cropped_SEasian_f_1346_29_19.png,False
cropped_SEasian_f_1346_29_18.png,False
cropped_SEasian_f_1348_29_3.png,False
cropped_SEasian_f_1346_29_24.png,False
cropped_SEasian_f_1346_29_30.png,False
cropped_SEasian_f_1349_29_3.png,False
cropped_SEasian_f_1345_29_10.png,False
cropped_SEasian_f_1348_29_13.png,False
cropped_SEasian_f_1335_29_1.png,False
cropped_SEasian_f_1340_29_23.png,False
cropped_SEasian_f_1339_29_17.png,False
cropped_SEasian_f_1337_29_20.png,True
cropped_SEasian_f_1343_29_17.png,True
cropped_SEasian_f_1343_29_0.png,False
cropped_SEasian_f_1342_29_0.png,False
cropped_SEasian_f_1343_29_26.png,False
cropped_SEasian_f_1337_29_11.png,False
cropped_SEasian_f_1340_29_12.png,True
cropped_SEasian_f_1339_29_26.png,False
cropped_SEasian_f_1347_29_7.png,False
cropped_SEasian_f_1346_29_7.png,False
cropped_SEasian_f_1348_29_22.png,False
cropped_SEasian_f_1345_29_21.png,False
cropped_SEasian_f_1350_29_1.png,False
cropped_SEasian_f_1346_29_29.png,False
cropped_SEasian_f_1346_29_15.png,False
cropped_SEasian_f_1346_29_14.png,False
cropped_SEasian_f_1346_29_28.png,False
cropped_SEasian_f_1350_29_0.png,True
cropped_SEasian_f_1345_29_20.png,True
cropped_SEasian_f_1348_29_23.png,False
cropped_SEasian_f_1346_29_6.png,False
cropped_SEasian_f_1347_29_6.png,False
cropped_SEasian_f_1339_29_27.png,False
cropped_SEasian_f_1340_29_13.png,False
cropped_SEasian_f_1337_29_10.png,False
cropped_SEasian_f_1343_29_27.png,False
cropped_SEasian_f_1343_29_31.png,True
cropped_SEasian_f_1343_29_25.png,False
cropped_SEasian_f_1343_29_19.png,False
cropped_SEasian_f_1337_29_12.png,False
cropped_SEasian_f_1339_29_19.png,False
cropped_SEasian_f_1340_29_11.png,False
cropped_SEasian_f_1339_29_31.png,False
cropped_SEasian_f_1339_29_25.png,False
cropped_SEasian_f_1346_29_4.png,True
cropped_SEasian_f_1347_29_4.png,False
cropped_SEasian_f_1348_29_21.png,False
cropped_SEasian_f_1350_29_2.png,False
cropped_SEasian_f_1345_29_22.png,False
cropped_SEasian_f_1346_29_16.png,False
cropped_SEasian_f_1346_29_17.png,False
cropped_SEasian_f_1345_29_23.png,False
cropped_SEasian_f_1350_29_3.png,False
cropped_SEasian_f_1348_29_20.png,True
cropped_SEasian_f_1347_29_5.png,False
cropped_SEasian_f_1346_29_5.png,False
cropped_SEasian_f_1339_29_24.png,False
cropped_SEasian_f_1339_29_30.png,False
cropped_SEasian_f_1340_29_10.png,False
cropped_SEasian_f_1339_29_18.png,False
cropped_SEasian_f_1337_29_13.png,False
cropped_SEasian_f_1343_29_18.png,True
cropped_SEasian_f_1343_29_24.png,False
cropped_SEasian_f_1343_29_30.png,False
cropped_SEasian_f_1343_29_20.png,False
cropped_SEasian_f_1337_29_17.png,False
cropped_SEasian_f_1340_29_28.png,False
cropped_SEasian_f_1339_29_20.png,False
cropped_SEasian_f_1340_29_14.png,False
cropped_SEasian_f_1346_29_1.png,False
cropped_SEasian_f_1347_29_1.png,False
cropped_SEasian_f_1348_29_18.png,False
cropped_SEasian_f_1348_29_30.png,False
cropped_SEasian_f_1348_29_24.png,False
cropped_SEasian_f_1350_29_7.png,False
cropped_SEasian_f_1345_29_27.png,False
cropped_SEasian_f_1346_29_13.png,False
cropped_SEasian_f_1349_29_8.png,False
cropped_SEasian_f_1348_29_8.png,False
cropped_SEasian_f_1348_29_9.png,False
cropped_SEasian_f_1349_29_9.png,False
cropped_SEasian_f_1346_29_12.png,False
cropped_SEasian_f_1345_29_26.png,False
cropped_SEasian_f_1350_29_6.png,False
cropped_SEasian_f_1348_29_25.png,False
cropped_SEasian_f_1348_29_31.png,False
cropped_SEasian_f_1348_29_19.png,False
cropped_SEasian_f_1347_29_0.png,False
cropped_SEasian_f_1346_29_0.png,False
cropped_SEasian_f_1340_29_15.png,False
cropped_SEasian_f_1339_29_21.png,False
cropped_SEasian_f_1340_29_29.png,False
cropped_SEasian_f_1337_29_16.png,False
cropped_SEasian_f_1343_29_21.png,False
cropped_SEasian_f_1343_29_23.png,True
cropped_SEasian_f_1343_29_8.png,False
cropped_SEasian_f_1342_29_8.png,False
cropped_SEasian_f_1337_29_28.png,False
cropped_SEasian_f_1337_29_14.png,False
cropped_SEasian_f_1339_29_23.png,False
cropped_SEasian_f_1340_29_17.png,False
cropped_SEasian_f_1335_29_9.png,True
cropped_SEasian_f_1347_29_2.png,False
cropped_SEasian_f_1346_29_2.png,False
cropped_SEasian_f_1348_29_27.png,False
cropped_SEasian_f_1345_29_24.png,False
cropped_SEasian_f_1350_29_4.png,False
cropped_SEasian_f_1345_29_30.png,False
cropped_SEasian_f_1345_29_18.png,False
cropped_SEasian_f_1346_29_10.png,False
cropped_SEasian_f_1346_29_11.png,False
cropped_SEasian_f_1345_29_19.png,False
cropped_SEasian_f_1350_29_5.png,False
cropped_SEasian_f_1345_29_31.png,False
cropped_SEasian_f_1345_29_25.png,False
cropped_SEasian_f_1348_29_26.png,False
cropped_SEasian_f_1346_29_3.png,False
cropped_SEasian_f_1347_29_3.png,True
cropped_SEasian_f_1335_29_8.png,True
cropped_SEasian_f_1340_29_16.png,False
cropped_SEasian_f_1339_29_22.png,True
cropped_SEasian_f_1337_29_15.png,False
cropped_SEasian_f_1337_29_29.png,False
cropped_SEasian_f_1342_29_9.png,True
cropped_SEasian_f_1343_29_22.png,False
cropped_SEasian_f_1343_29_9.png,False
cropped_SEasian_f_1349_29_22.png,True
cropped_SEasian_f_1344_29_21.png,False
cropped_SEasian_f_1341_29_1.png,False
cropped_SEasian_f_1340_29_1.png,True
cropped_SEasian_f_1337_29_0.png,False
cropped_SEasian_f_1336_29_0.png,False
cropped_SEasian_f_1347_29_15.png,False
cropped_SEasian_f_1347_29_29.png,False
cropped_SEasian_f_1342_29_26.png,False
cropped_SEasian_f_1336_29_11.png,False
cropped_SEasian_f_1338_29_26.png,False
cropped_SEasian_f_1338_29_9.png,True
cropped_SEasian_f_1339_29_9.png,False
cropped_SEasian_f_1341_29_12.png,False
cropped_SEasian_f_1335_29_19.png,False
cropped_SEasian_f_1335_29_25.png,False
cropped_SEasian_f_1335_29_31.png,False
cropped_SEasian_f_1335_29_30.png,False
cropped_SEasian_f_1335_29_24.png,False
cropped_SEasian_f_1335_29_18.png,False
cropped_SEasian_f_1341_29_13.png,False
cropped_SEasian_f_1339_29_8.png,False
cropped_SEasian_f_1338_29_8.png,False
cropped_SEasian_f_1338_29_27.png,False
cropped_SEasian_f_1336_29_10.png,False
cropped_SEasian_f_1342_29_27.png,False
cropped_SEasian_f_1347_29_28.png,False
cropped_SEasian_f_1347_29_14.png,False
cropped_SEasian_f_1336_29_1.png,False
cropped_SEasian_f_1337_29_1.png,False
cropped_SEasian_f_1340_29_0.png,False
cropped_SEasian_f_1341_29_0.png,True
cropped_SEasian_f_1344_29_20.png,False
cropped_SEasian_f_1349_29_23.png,False
cropped_SEasian_f_1349_29_21.png,False
cropped_SEasian_f_1340_29_2.png,True
cropped_SEasian_f_1344_29_22.png,False
cropped_SEasian_f_1341_29_2.png,False
cropped_SEasian_f_1344_29_8.png,False
cropped_SEasian_f_1336_29_3.png,False
cropped_SEasian_f_1337_29_3.png,False
cropped_SEasian_f_1345_29_8.png,True
cropped_SEasian_f_1347_29_16.png,False
cropped_SEasian_f_1342_29_19.png,False
cropped_SEasian_f_1342_29_31.png,False
cropped_SEasian_f_1342_29_25.png,True
cropped_SEasian_f_1336_29_12.png,False
cropped_SEasian_f_1338_29_31.png,False
cropped_SEasian_f_1338_29_25.png,False
cropped_SEasian_f_1341_29_11.png,False
cropped_SEasian_f_1338_29_19.png,False
cropped_SEasian_f_1335_29_26.png,False
cropped_SEasian_f_1335_29_27.png,False
cropped_SEasian_f_1338_29_18.png,False
cropped_SEasian_f_1341_29_10.png,False
cropped_SEasian_f_1338_29_24.png,False
cropped_SEasian_f_1338_29_30.png,False
cropped_SEasian_f_1336_29_13.png,True
cropped_SEasian_f_1342_29_24.png,False
cropped_SEasian_f_1342_29_30.png,False
cropped_SEasian_f_1342_29_18.png,True
cropped_SEasian_f_1347_29_17.png,False
cropped_SEasian_f_1345_29_9.png,False
cropped_SEasian_f_1337_29_2.png,False
cropped_SEasian_f_1336_29_2.png,False
cropped_SEasian_f_1344_29_9.png,False
cropped_SEasian_f_1341_29_3.png,False
cropped_SEasian_f_1344_29_23.png,False
cropped_SEasian_f_1340_29_3.png,False
cropped_SEasian_f_1349_29_20.png,False
cropped_SEasian_f_1349_29_30.png,False
cropped_SEasian_f_1349_29_24.png,False
cropped_SEasian_f_1349_29_18.png,False
cropped_SEasian_f_1340_29_7.png,False
cropped_SEasian_f_1344_29_27.png,False
cropped_SEasian_f_1341_29_7.png,True
cropped_SEasian_f_1336_29_6.png,False
cropped_SEasian_f_1337_29_6.png,False
cropped_SEasian_f_1347_29_13.png,False
cropped_SEasian_f_1342_29_20.png,False
cropped_SEasian_f_1336_29_17.png,True
cropped_SEasian_f_1341_29_14.png,False
cropped_SEasian_f_1338_29_20.png,False
cropped_SEasian_f_1341_29_28.png,False
cropped_SEasian_f_1335_29_23.png,False
cropped_SEasian_f_1335_29_22.png,False
cropped_SEasian_f_1341_29_29.png,False
cropped_SEasian_f_1338_29_21.png,False
cropped_SEasian_f_1341_29_15.png,False
cropped_SEasian_f_1336_29_16.png,False
cropped_SEasian_f_1342_29_21.png,False
cropped_SEasian_f_1347_29_12.png,False
cropped_SEasian_f_1337_29_7.png,False
cropped_SEasian_f_1336_29_7.png,False
cropped_SEasian_f_1341_29_6.png,False
cropped_SEasian_f_1344_29_26.png,False
cropped_SEasian_f_1340_29_6.png,False
cropped_SEasian_f_1349_29_19.png,False
cropped_SEasian_f_1349_29_25.png,False
cropped_SEasian_f_1349_29_31.png,False
cropped_SEasian_f_1349_29_27.png,False
cropped_SEasian_f_1344_29_18.png,False
cropped_SEasian_f_1344_29_24.png,False
cropped_SEasian_f_1341_29_4.png,False
cropped_SEasian_f_1340_29_4.png,False
cropped_SEasian_f_1344_29_30.png,False
cropped_SEasian_f_1337_29_5.png,False
cropped_SEasian_f_1336_29_5.png,False
cropped_SEasian_f_1347_29_10.png,False
cropped_SEasian_f_1342_29_23.png,False
cropped_SEasian_f_1336_29_14.png,False
cropped_SEasian_f_1336_29_28.png,False
cropped_SEasian_f_1341_29_17.png,False
cropped_SEasian_f_1338_29_23.png,False
cropped_SEasian_f_1335_29_20.png,False
cropped_SEasian_f_1335_29_21.png,False
cropped_SEasian_f_1338_29_22.png,False
cropped_SEasian_f_1341_29_16.png,False
cropped_SEasian_f_1336_29_29.png,False
cropped_SEasian_f_1336_29_15.png,True
cropped_SEasian_f_1342_29_22.png,False
cropped_SEasian_f_1347_29_11.png,False
cropped_SEasian_f_1336_29_4.png,True
cropped_SEasian_f_1337_29_4.png,False
cropped_SEasian_f_1340_29_5.png,False
cropped_SEasian_f_1344_29_31.png,False
cropped_SEasian_f_1341_29_5.png,False
cropped_SEasian_f_1344_29_25.png,True
cropped_SEasian_f_1344_29_19.png,False
cropped_SEasian_f_1349_29_26.png,False
